keyword,vector
판타지,"[ 1.39202655e-03  1.30093552e-03  2.78796535e-04 -4.52255976e-04
 -3.37894104e-04  4.24867321e-04 -1.42593437e-03 -1.02924323e-03
 -1.08844903e-03  1.21129595e-03  8.16617452e-04  1.10413041e-03
 -6.12836797e-04 -3.76803655e-04 -1.47560856e-03 -3.60892853e-04
 -4.30617161e-04  1.89902930e-04 -1.35349343e-04 -4.23190679e-04
 -1.29318028e-03  5.31734666e-04 -1.50517526e-03 -7.65033328e-05
  1.32396957e-03  7.23073725e-04 -9.02519736e-04  1.08266622e-03
  1.02751423e-03 -1.65096170e-03  1.37658720e-03 -4.40535281e-04
 -1.34241756e-03  2.93310615e-04 -1.29843166e-03  4.28951666e-04
 -7.28550003e-05  1.38594059e-03 -9.32202791e-04 -1.39774638e-03
  1.56358560e-03 -8.55181832e-04  2.36532578e-04  1.22087263e-03
  1.19386322e-03  4.06338426e-04 -1.51914696e-03 -8.60287459e-04
 -6.40774553e-04  9.72415146e-04 -1.62627606e-03  3.67637433e-04
 -9.18531878e-05 -3.01366643e-04 -7.90034246e-04 -8.04438489e-04
 -1.61346130e-03 -4.07939253e-04 -4.51799424e-04 -1.17281964e-03
  1.15049048e-03 -1.64429448e-03  9.01469029e-04  1.38485013e-03
  1.43668556e-03  4.59355419e-04 -9.43695122e-05  2.87269155e-04
  8.98379541e-04 -3.59543221e-04  6.79011340e-04 -9.47848777e-04
 -1.08691840e-03  1.22489582e-03  1.15472195e-03 -1.43399788e-03
  1.15151610e-03  1.56568165e-03 -1.39023771e-03  2.17209948e-04
  1.09943758e-05  8.60736647e-04 -2.56798638e-04 -9.95825860e-04
  5.75770915e-04  3.68054054e-04 -1.46965170e-03 -1.50298199e-03
  4.91926796e-04  9.85265477e-04 -1.00641570e-03  4.75492852e-04
 -1.16416928e-03  8.75352198e-05 -7.23759222e-05  6.53034542e-04
  1.37095223e-04  3.14054429e-04  1.44732476e-04 -8.10551632e-04
  1.36591401e-03  1.02775125e-03 -9.15063196e-04 -6.96659263e-05
 -8.52281577e-04  1.40224339e-03  1.38170016e-03 -1.08432188e-03
  2.49966979e-04  6.44256652e-04  6.21775980e-04 -6.28874986e-04
 -6.89415203e-04 -8.29522789e-04  1.31354333e-04  9.65371088e-04
 -1.29455852e-03 -1.01212494e-03 -8.98728205e-04 -1.53344253e-03
  8.58948391e-04  1.14579056e-03 -5.61149151e-04 -2.69326381e-04
 -1.52271605e-04 -6.72274851e-04 -1.53959310e-03  7.97328772e-04
 -1.17620191e-04 -1.28386589e-03  1.08256878e-03  1.29140588e-03
  4.65793506e-04  2.55642721e-04  1.53940904e-03 -2.99772568e-04
 -1.35754410e-03  1.18841266e-03 -5.43134229e-04  8.67818599e-04
  9.11998155e-04 -1.48167496e-03  1.55573047e-03  4.32520348e-04
  3.33477772e-04  1.59316428e-03  1.13783652e-04  4.29118110e-04
 -1.61238585e-03 -1.61376689e-03  7.23797348e-05 -3.21807107e-04
 -4.62731987e-06  1.21450110e-04  8.09128513e-04 -1.60239893e-03
 -9.81406076e-04  6.60093967e-04  1.26188772e-03  1.39569945e-03
  1.60793692e-03  2.91416218e-04 -1.18228397e-03 -1.20777439e-03
 -1.09399541e-03  1.42396509e-03 -7.62073614e-04  8.43972375e-05
 -1.23805378e-03 -1.28904579e-03  3.06807138e-04 -4.40583914e-04
 -6.43469219e-04  4.62447264e-04  7.26372295e-04  1.00695004e-03
 -9.14837117e-04  3.95022740e-04 -1.43231836e-03 -1.49634853e-03
  9.18440521e-04  1.44331553e-03 -6.67427230e-05 -1.17130985e-04
 -1.03506527e-03  5.15429711e-04  8.65045353e-04  1.00108702e-03
 -7.80484115e-04  8.97192876e-05 -1.37418776e-03  1.65566127e-03
 -7.23214835e-05 -1.62751519e-03  1.44981523e-03  3.17963364e-04
  8.79485859e-04 -1.24488026e-03 -1.38605386e-03 -5.12765182e-05
  1.30147382e-03  4.91786341e-04  3.80985701e-04  1.32717344e-03
  1.62596593e-03  9.42305662e-04  3.03788111e-04 -1.17823761e-03
 -1.15977263e-03  4.24282422e-04 -7.38543400e-04 -1.06381928e-03
 -4.43841709e-04 -1.05837407e-03 -1.22405309e-03  3.28402006e-04
 -2.19808731e-04  1.17502706e-04  1.56593567e-03 -1.37194828e-03
 -1.19528256e-03  8.27435288e-04 -2.13984720e-04  1.37547613e-03
 -1.02847502e-04 -1.06144435e-04 -5.44071139e-04  9.77663221e-05
 -1.21775595e-03 -1.43786799e-03  1.27561181e-03  4.44038706e-05
 -1.63347257e-04  5.00739494e-04  2.06475146e-04  1.16212192e-04
  1.35780417e-03  2.20149843e-04 -1.16505998e-03 -4.16745344e-04
 -1.56953395e-03 -1.39987748e-03 -1.60198833e-03 -7.62367563e-05
 -8.81493557e-04 -1.71530177e-04  2.12528699e-04 -9.89692402e-04
  1.10512861e-04 -1.26419892e-03 -2.08868572e-04 -1.47142261e-03
  4.71036474e-04  2.09135265e-04  1.62922638e-03  1.84561723e-04
  1.57639512e-03  1.33761170e-03  9.93189518e-04 -1.10433612e-03
 -1.18472253e-03  1.01624080e-03  1.60765252e-03  1.35340833e-03
  1.04695989e-03 -4.89514263e-04  5.48497774e-04 -5.56713960e-04
 -5.88918221e-04 -3.83292179e-04  1.50725222e-03 -1.11642352e-03
 -6.68487919e-05 -1.39638653e-03  1.20947300e-03  1.32457772e-03
  1.84109493e-04  8.13544146e-04 -1.17729965e-03  1.08503294e-03
 -3.78488301e-04 -1.16181246e-03  1.57969748e-03 -3.34284938e-04
  9.45919368e-04  1.02027424e-03 -6.41204417e-04 -1.48395298e-03
 -6.34567987e-04 -1.53959845e-03  6.53364812e-04  9.77927470e-04
 -2.97368155e-04  1.19176309e-03  1.59389077e-04 -1.61918544e-03
 -7.60836178e-04 -1.40710457e-04 -2.40898778e-04 -5.00144495e-04]"
로맨스,"[-5.49805118e-04 -4.98057227e-04 -3.69437563e-04  3.38694481e-05
 -1.55633199e-03 -1.15386129e-03  1.15339539e-03  2.86037248e-04
  1.87448735e-04  1.50773732e-03 -2.47093325e-04 -5.74870210e-04
  8.29096185e-04  3.12515651e-04  1.33841438e-03 -8.92436947e-04
  3.67712375e-04  6.78885495e-04 -1.07075798e-03 -8.34198028e-04
 -9.60623263e-04  1.97685848e-04  1.32069772e-03 -9.76693816e-04
  6.99554046e-04  1.19045889e-03 -1.15636247e-03 -1.56209004e-04
  2.74527672e-04  5.48027165e-04 -3.61078070e-04 -1.89227358e-04
  1.88077276e-04 -1.41959952e-03 -1.47019071e-03  2.94199650e-04
  1.06755004e-04  4.99841233e-04  8.03281495e-04  2.12247993e-04
 -8.18351458e-04  1.02736696e-03 -1.40266970e-03 -1.25156273e-03
  1.18430948e-03 -7.90812133e-04  6.68396300e-04 -9.58634948e-04
 -4.10089910e-04 -5.62823319e-04  1.21771486e-03 -1.11351092e-03
 -9.23744519e-05  1.10530038e-03 -4.85980534e-04 -1.41160606e-04
  8.71952856e-04  3.72345792e-04  7.94506923e-04  1.53029826e-03
  2.66801275e-04  1.22496055e-03  1.40000111e-03  3.93645925e-04
  1.41504139e-03  8.70411925e-04 -8.55553313e-04 -1.42588789e-04
  1.14838104e-03 -1.27308141e-03 -1.51534053e-03  1.45506905e-03
  1.03414257e-03  1.28695698e-04  1.16099569e-03  1.66643935e-03
 -1.40224490e-03 -5.09619204e-05 -7.54931534e-04  1.50493183e-03
 -4.82155796e-04  1.36588432e-03  6.55759417e-04 -3.03349691e-04
 -1.75020090e-04 -1.04302693e-04 -1.64416758e-03  1.65990600e-03
  1.00774888e-03 -1.03377423e-03  6.48591318e-04 -5.16048574e-04
 -1.61598134e-03  5.18289104e-04  1.38197804e-03  6.11363736e-04
  1.22899644e-03 -1.53232506e-03  1.43474468e-03 -1.12790940e-03
 -3.86110216e-04 -1.43680329e-04 -1.02556997e-03 -1.32175407e-03
  2.75664497e-04  7.55884976e-04  1.41109005e-04  1.54842739e-04
 -8.95500532e-04  1.55263324e-03 -1.42362551e-04  1.64618390e-03
  1.78474569e-04  2.67740659e-04 -7.06828840e-04  3.90726607e-04
  1.03900000e-03 -9.96539602e-04 -1.31632492e-04  1.13520829e-03
  4.68870305e-04  6.17192534e-04  1.46084029e-04  6.09929150e-04
  1.56018941e-03  1.05272338e-03  8.34619219e-04 -2.79921710e-06
  1.79229610e-04 -8.14053928e-05  7.87000579e-04  1.61603163e-03
 -1.62915938e-04 -1.17983634e-03 -7.06965802e-04 -1.30242761e-03
  3.39743041e-04 -1.58782606e-03 -8.27703043e-04  1.05589104e-03
  3.85128689e-04 -1.45235460e-03 -4.12839199e-06 -7.90384092e-06
 -1.13618525e-03  1.77530281e-04 -7.71000225e-04 -6.91707479e-04
  1.10757386e-03 -3.23942833e-04  1.40123570e-03  8.20569054e-04
  1.23751489e-03  1.47102063e-03 -4.37285416e-06 -2.77155399e-04
 -1.12322287e-03  1.19363598e-03 -6.87126245e-04  1.66322291e-03
  1.39956921e-03 -6.17494981e-04  3.10799252e-04  1.13571587e-03
  9.77742486e-04  1.17015059e-03 -1.41067384e-03 -1.49267481e-03
 -1.61821814e-03 -3.12417222e-04  7.65806937e-04  1.55978210e-04
 -7.06257008e-04  1.00886810e-03 -1.64303486e-03  1.43783225e-03
 -1.06215710e-03 -1.57889235e-03 -3.02946748e-04  6.40016224e-04
 -1.29093271e-04 -3.22498236e-04  1.14886439e-03 -1.26304367e-04
  9.45270818e-04  5.68131567e-04  1.24391227e-03 -4.47370694e-04
 -9.42642568e-04  1.41117419e-03 -3.79609584e-04  6.26604073e-04
  4.31407942e-04 -1.44915236e-03  4.13712172e-04 -4.86522185e-04
 -1.19548873e-03  1.11224619e-03  7.44313176e-04 -1.57472410e-03
  5.54007245e-04  1.48197566e-03  1.60374725e-03 -5.87732182e-04
  1.35316153e-03  1.37387239e-03  3.10915239e-05 -9.25510831e-04
  1.13910204e-03  1.61060889e-03  1.38695200e-03 -1.56807349e-04
 -1.27093447e-03 -1.42164330e-03 -4.74524786e-05 -1.17286388e-03
  2.81595334e-04 -4.90466424e-04  1.14580535e-03 -6.77820062e-04
 -3.75777192e-04  9.87736043e-04 -1.35389913e-03 -7.90873484e-04
  9.24556458e-04  1.19504717e-03  5.38523484e-04 -1.48665160e-03
 -1.23761466e-03 -3.99872632e-04 -3.31952877e-04 -1.30369619e-03
  8.82459222e-04 -8.94733457e-05  2.43874922e-04 -1.84345045e-04
 -3.56953708e-04 -2.93825520e-04 -2.57495645e-04  4.55807312e-04
  8.14357409e-05 -1.29904097e-03 -9.31229093e-04  1.40688452e-03
  1.45372271e-03 -1.30667322e-05 -1.44009595e-03  1.14978605e-03
 -1.12804223e-03 -7.11844710e-04 -1.24815409e-03 -7.05203391e-04
 -1.36900973e-03  1.20156701e-03  1.42571609e-03  3.65963024e-05
  6.13572018e-04  5.50979923e-04  5.72936806e-05  8.64894711e-04
  1.42224529e-03 -6.92515110e-04 -6.26097550e-04  2.65897470e-05
 -6.94752554e-04  9.08291026e-04  1.14011078e-03 -6.07550086e-04
  6.26862864e-04 -9.81408637e-04 -8.80008971e-04 -1.37873320e-03
  7.52195774e-04 -1.47581706e-03  8.79054365e-04  1.65549864e-03
  1.18109956e-03  6.86890504e-04 -6.69540372e-04 -2.88260053e-04
 -8.51908262e-05  1.05760049e-03 -1.12817471e-03  1.00114394e-03
 -3.00423824e-04  1.22713228e-03  6.69556204e-04 -1.04346371e-03
 -1.32767914e-03  1.36672228e-03 -7.90801307e-04  1.49921689e-03
 -2.61860871e-04 -5.86219598e-04  2.90471915e-04 -1.46306201e-03
 -6.89406530e-04 -1.27167406e-03  1.57888921e-03 -1.05884473e-03]"
추리,"[-5.78749634e-04 -9.59471101e-04 -4.89206577e-04  4.98912530e-04
 -1.52353104e-03 -1.21235300e-03  1.63383398e-03 -8.71956407e-04
  4.94877808e-04 -8.46288051e-04 -1.24183320e-03 -6.13601936e-04
  5.42992842e-04  7.20121898e-04  3.81319347e-04  2.82618654e-04
  6.45110966e-04  1.10029522e-03  1.47443463e-03 -5.40037116e-04
 -1.34958560e-03  3.98580742e-04  1.01415988e-03 -2.91824836e-04
  9.85031016e-04  4.37735216e-05  8.36901076e-04 -2.29257086e-04
  1.47396675e-03 -1.24317280e-03 -1.54389534e-03  2.95679842e-04
 -1.46095594e-03 -1.19524775e-04  1.58854888e-03 -5.71879151e-04
 -6.03961933e-04  9.10374860e-04  8.01806746e-04 -8.34256527e-04
  1.00045302e-03  1.36682624e-03 -1.51455999e-04 -1.25741397e-04
 -9.07232054e-04  1.95677621e-05 -1.44089374e-03  8.55084625e-04
 -2.04055277e-06 -3.03363049e-04 -9.90902307e-04  2.86499795e-04
 -1.52566543e-04  1.25160429e-03 -7.13600952e-04  6.70457375e-05
  5.38661960e-04  1.56903488e-03  1.24615571e-03 -6.48414949e-04
  1.55112008e-03 -2.75932165e-04  1.49028050e-03 -5.39104476e-05
 -1.11819734e-03  8.74754682e-04 -7.59447925e-04  1.14681118e-03
  1.11022778e-03  1.12209644e-03  1.51088997e-03 -1.16529793e-03
  1.36486167e-04  2.14324100e-05  1.35687517e-03 -1.10681728e-03
 -1.01686618e-03 -2.23387133e-06  1.46474736e-03 -4.66557714e-04
  9.22019011e-04 -7.57244765e-04  6.97662472e-04  7.41881013e-05
  1.28105003e-03  1.21427269e-03  1.20925810e-03 -6.78656797e-04
  4.55435249e-04  1.53517118e-03  3.18108796e-04  8.42471665e-04
 -1.48212526e-03 -1.53541472e-03 -1.37009530e-03  4.85184777e-04
 -1.11568649e-03  7.43723358e-04  4.46062622e-05 -1.62770879e-03
 -1.60446716e-03  1.65326754e-03  8.68516217e-04 -7.30331056e-04
  1.00554537e-03  1.19616813e-03  1.02303096e-03 -5.37289365e-04
 -6.07359805e-04  8.28271091e-04  8.45146307e-04  3.73901392e-04
 -1.01422530e-03 -1.31484494e-03 -2.94899000e-05  1.59017800e-03
 -1.45562552e-03  1.05991471e-03  7.43442273e-04  9.63598490e-04
  1.02171313e-03 -1.51474413e-03  6.26623296e-05  7.59989372e-04
  1.23551884e-03 -1.51120266e-03 -7.81843788e-04  9.09419556e-04
  6.94265356e-04 -1.25348379e-04  2.41864764e-04  1.61552406e-03
  4.93970583e-05  1.45606976e-03 -1.35250087e-03  1.41571229e-03
  7.49966071e-04  6.56997086e-04  4.58615250e-04  4.30228974e-04
  9.10072005e-04 -1.48841145e-03 -8.83986824e-04 -1.48340710e-03
 -7.91151368e-04 -9.91792069e-04 -1.04414742e-03  1.62041164e-03
  3.10837640e-04 -1.53097673e-03  1.37407903e-03 -8.10371363e-04
 -2.92614219e-04 -1.43535796e-03 -3.06657224e-04 -4.49859566e-04
 -1.56980322e-03 -1.48945116e-03  4.35829628e-04  1.79758295e-04
 -1.31970807e-03  3.52531002e-04 -5.49146964e-04  1.32717239e-03
 -1.47389213e-03  1.44912454e-03 -1.25176110e-03  9.74452007e-04
 -7.82800373e-04  1.34034184e-04  1.11676403e-03 -5.32398524e-04
 -7.40666233e-04  3.76793352e-04  2.71808996e-04 -1.52942701e-03
 -6.97168172e-04 -9.12027201e-04 -1.51540409e-03 -1.15993002e-03
  1.18572917e-03  8.10706522e-04  8.27274402e-04  9.64755251e-04
 -4.47163009e-04 -8.52074940e-04  1.44327502e-03 -5.58561878e-04
  1.20683399e-03 -2.36944892e-04 -1.64548424e-03  7.52026099e-04
  1.28593715e-03 -1.25523831e-03  1.35197968e-03 -4.25518723e-04
 -7.87545694e-04  7.45247002e-04  1.04672846e-03 -1.55545562e-03
  3.01187829e-04 -4.65778066e-05  3.13172568e-05 -9.29186644e-04
 -1.15099770e-03  3.84396000e-04  5.45380928e-04 -1.46256457e-03
 -8.58635409e-04 -6.65497326e-04 -2.85752525e-04 -5.07105105e-05
 -1.13250350e-03 -6.88459782e-04  1.53838180e-03  1.38906922e-04
  1.07446208e-03  3.16128106e-04 -4.18136682e-04 -1.29752595e-03
  1.44231191e-04 -9.12305259e-04 -5.76750841e-04  1.43134128e-03
 -1.54685567e-03 -9.79493139e-04 -1.43320160e-03 -1.91828396e-04
 -1.09754060e-03 -1.27945771e-03 -7.37688271e-04  2.96807324e-04
  9.51757611e-05 -1.47789158e-03 -4.75294219e-04 -3.05074122e-04
 -9.22201609e-04 -7.78454851e-05  7.91061437e-04  1.24643173e-03
  1.17594784e-03  1.15457992e-03 -1.40233838e-03  1.73153196e-04
 -4.17384581e-04  3.23619694e-04  5.78220293e-04 -5.24488743e-04
 -1.60929759e-03 -9.10103772e-05  1.52710814e-03  3.30045412e-04
 -1.54552772e-03  9.88848507e-04  1.37895334e-03 -6.20341889e-05
  1.17959199e-03 -9.35959746e-04  1.04051118e-03 -4.70606901e-04
 -7.46348698e-04 -7.59083312e-04  7.52275955e-05  1.02300709e-03
  1.13589677e-03 -1.18094450e-03 -1.34257146e-03  8.80634296e-04
  7.41461292e-04  9.84546961e-04  1.97270914e-04  3.60343227e-04
  2.16670305e-04 -1.62555533e-03 -1.27027801e-04 -1.01924536e-03
  1.54482515e-03  1.11853832e-03  2.86602502e-04  3.22176784e-04
  1.62547256e-03 -9.45250853e-04 -1.12779962e-03 -7.18019728e-04
  1.41224009e-03 -6.73213101e-04  2.09308873e-05 -1.51518884e-03
  1.41891316e-04 -1.38381007e-03 -1.60704565e-03  1.33292924e-03
 -6.09260111e-04  5.37594606e-04 -1.47813509e-04 -4.50061198e-04
  3.99729761e-04  1.75668887e-04 -8.74725229e-04  1.17703748e-03]"
힐링,"[-1.37453072e-03 -1.00603589e-04 -1.05249835e-03 -1.16522028e-03
  8.81536107e-04 -7.65379111e-04  1.11390417e-03  1.37922773e-03
  5.27529028e-06  1.35036663e-03  1.45146344e-03 -3.50202259e-04
  4.24399535e-04 -2.75491650e-04  3.86877888e-04  1.46207621e-03
 -1.18093693e-03  4.28506493e-04 -3.01695487e-04 -6.60496647e-04
  2.87820556e-04 -1.58375816e-03  1.46814750e-03 -9.25886052e-05
 -1.54462690e-03 -1.07189268e-03  1.13588187e-03  3.97378433e-04
 -8.27516953e-04  7.86096149e-04  8.49009084e-04  3.54976306e-04
 -1.41169003e-03 -3.82857048e-04 -9.98017029e-04 -8.48537820e-05
 -1.52089531e-04 -8.13802217e-07 -5.20704838e-04  8.80055770e-04
  4.33210196e-04 -1.47434860e-03  1.10686652e-03 -4.99676156e-04
  2.52214988e-04 -3.02868921e-06  9.07300040e-04 -1.12606084e-03
  5.27637661e-04 -4.68351616e-04  1.55108504e-03 -1.65981532e-03
  1.24669529e-03  2.35805099e-04 -5.27239696e-04  4.42475604e-04
  1.61305524e-03 -1.34783203e-03  1.65269623e-04 -9.91446199e-04
  5.20851754e-04  1.56504475e-03  5.93629316e-04 -4.98141686e-04
 -1.25205272e-03  2.49376579e-04 -1.41045556e-03 -3.10055097e-04
  1.49173240e-04 -5.89872245e-04 -1.57693436e-03 -3.32763535e-04
 -1.33280933e-03  1.01415988e-03 -5.45005823e-05 -1.14114163e-03
  1.28722377e-03 -1.26420078e-03  2.96638696e-04  1.97567842e-05
  1.39866176e-03  8.93655117e-04 -1.56471494e-03  5.23527735e-04
  1.55926531e-03  6.67929533e-04 -5.18721121e-04 -5.49892720e-04
 -5.06691227e-04  1.49726903e-03 -8.85950925e-04 -1.25214597e-03
  1.10457686e-03 -8.99949955e-05  5.41775371e-05 -6.18888938e-04
  4.75455163e-04  1.40275597e-03 -7.22512195e-04  7.05977203e-04
  1.26236316e-03 -1.02398405e-03 -5.63598860e-06  3.72256356e-04
  5.63732465e-04  1.19374867e-03  3.53053882e-04 -1.31392444e-03
  5.82329703e-05  1.17064745e-03  1.19100173e-03 -3.44845786e-04
 -6.76692522e-04  7.91349798e-04  1.21508143e-03 -1.08209311e-03
  9.96615388e-04 -9.36594210e-04  1.65281643e-03  2.36164386e-04
  3.26026813e-04 -6.37275341e-04  1.23921200e-03 -8.37953470e-04
  1.63497112e-03 -9.34830750e-04  1.60971278e-04 -1.03564491e-03
  1.12559169e-03  7.30449334e-04  1.13417127e-03 -3.58560006e-04
 -6.79924095e-04 -9.20345883e-06  7.22341880e-04 -2.19807669e-04
 -9.24357097e-04  1.22482621e-03 -6.25226763e-04 -7.41538359e-04
  6.07890368e-04 -3.94523726e-04 -1.09284429e-03  4.21169621e-04
  6.64308027e-04 -4.58618248e-04  8.59754276e-04 -5.09729958e-04
  1.22101221e-03 -1.24457630e-03 -2.69694516e-04  1.36778469e-03
  1.14024209e-03  1.62242132e-03  1.47130154e-03 -8.77111506e-06
 -7.70077808e-04 -5.31251193e-04 -1.20676658e-03  8.82508117e-04
 -1.07646757e-03  1.26379309e-03 -5.53956779e-04 -5.26601449e-04
 -8.71286393e-05 -5.44702343e-04 -3.73138260e-04 -1.38062006e-03
  7.79167050e-04  1.40526681e-03  9.70648951e-04  8.46842944e-04
  1.13014691e-03  2.31714832e-04  7.04432372e-04 -1.11429358e-03
  4.67777078e-04  2.94143712e-04 -8.88445182e-04 -1.54472422e-03
  8.00824491e-04  4.00679739e-04 -1.59899215e-03  8.05676798e-04
 -8.72841745e-04 -2.83607806e-04 -9.20502876e-04 -1.55045313e-03
 -9.58746357e-04 -9.53811395e-04  8.31417099e-04 -1.63733610e-03
  1.32577561e-05  7.50413281e-04  1.20090251e-03  2.88658193e-04
 -2.17048597e-04 -8.48507741e-04  1.21500075e-03 -1.46357296e-03
  1.03501417e-03 -3.20108229e-05  1.25059416e-03  1.55512255e-03
 -1.48989155e-03  4.79576498e-04 -1.64714199e-03  2.47915188e-04
 -1.49106758e-03 -5.25979092e-04  4.24689060e-04  1.11220311e-03
  8.53271107e-04  6.60559745e-04  1.82940566e-04 -1.47910556e-03
 -1.19785499e-03  6.59299723e-04 -1.39523204e-03  1.40678755e-03
 -7.97546410e-04 -3.47861678e-05  5.79581014e-04 -1.15110585e-03
 -1.21635276e-04 -1.42538163e-03 -1.01452880e-03 -3.22783511e-04
 -1.15024384e-04 -1.30814407e-03 -2.63267662e-04 -1.54504064e-03
 -1.54567999e-03  8.60452943e-04 -6.15816971e-04  1.58432289e-03
  1.51107623e-03  5.23328024e-04  1.40315897e-04 -1.27602078e-03
 -5.33700455e-04 -1.19544705e-03 -9.95209557e-04 -1.51214271e-03
 -3.59454629e-04 -3.15529353e-04 -1.05308613e-03  1.53865525e-03
 -6.90709916e-04  1.30753219e-03  9.30734328e-04  1.61575852e-03
 -3.89779947e-04  1.33514858e-03  1.21719099e-03  9.77418618e-04
  9.05061373e-04  1.14753330e-03  1.05095457e-03  7.01659475e-04
  5.50342374e-04 -9.83895618e-04 -7.31980603e-04  1.47057523e-03
  2.79204600e-04  1.31639105e-03  1.64347654e-03  2.84493057e-04
  4.90241975e-04 -1.32424675e-03 -8.21067428e-04 -7.70398241e-04
  3.61647864e-04 -1.48094201e-03 -1.52898184e-03 -1.02782203e-03
 -1.15279702e-03 -7.27112230e-04 -1.38709671e-03 -1.80131625e-04
 -7.37324473e-04 -1.54656242e-03  1.13157544e-03  8.87286034e-04
 -1.94452456e-04 -6.81559672e-04 -1.55478797e-03  1.44274731e-04
  1.48280675e-03 -1.47073308e-03  1.37455284e-03  1.07136648e-03
  4.08879132e-04  1.28020722e-04 -4.57305927e-04 -1.99402828e-04
 -8.60191125e-04 -2.07582867e-04 -1.48653999e-04  3.90145316e-04]"
공포,"[-9.6405891e-04 -1.0693598e-04 -6.1527232e-04 -6.1563106e-04
  4.5863262e-04  1.3806333e-03 -4.6443939e-04 -1.1911081e-04
  9.2961220e-04  1.2109762e-03 -1.1550303e-03  1.1061672e-03
 -1.5338446e-03  4.0840328e-04  1.0871640e-04  1.0003415e-03
 -1.0795434e-03  6.7401864e-04 -8.3311554e-04  7.1754592e-04
 -1.0761056e-03  1.4256067e-03  1.7284413e-04 -1.3734819e-03
  9.2461688e-04 -1.3067387e-03 -1.0451121e-03 -1.2759877e-03
  1.1056064e-03  1.0085010e-03 -1.7057471e-04  5.7658355e-04
  2.7644480e-04  7.2517421e-04 -7.1351096e-04  1.2210624e-03
  1.0598344e-04  1.4812213e-03  3.5487773e-04 -6.2148459e-04
  1.5730568e-03  9.1856054e-05  1.1504061e-03 -1.6193325e-03
  1.4011095e-03  1.6373246e-03 -1.5905986e-03 -8.4345019e-04
 -1.2044213e-03  8.8806206e-05 -4.6674682e-05 -1.1761158e-03
  7.8647368e-05 -1.6537393e-03  4.5823072e-06  1.4577784e-03
 -8.7352435e-04 -9.0512348e-04 -4.5515850e-04  8.8107027e-04
  8.9279789e-04  1.3270302e-03 -1.3496268e-03 -1.3664440e-03
 -1.5802379e-03 -1.2318746e-03 -6.5343111e-04  6.6749839e-04
  6.7916291e-04 -2.5436224e-04 -1.0215912e-04 -6.8541348e-04
 -3.2254011e-05 -6.9298275e-04  1.8986927e-04  1.0980670e-03
  1.3025881e-03 -8.8382425e-04 -6.8190588e-05  2.9487579e-04
 -7.4287917e-04  1.4709367e-03 -2.7438475e-05 -9.6110982e-04
 -1.1237208e-05 -4.7082780e-04  4.8723115e-04 -9.2585443e-04
  1.3348302e-03  1.0338314e-03  1.2713374e-03 -8.5371430e-04
 -8.4753579e-04  6.7736277e-05  3.0066696e-04  1.1431423e-03
  1.5524336e-03  1.5539743e-03 -1.3203982e-04  1.0772797e-03
  1.1496121e-03  9.7437861e-04  3.8493209e-04  7.0688740e-04
  4.4425778e-04  5.8972789e-04  8.3276647e-04  2.6323207e-04
  9.2452671e-04  9.0570038e-04 -4.3404961e-04 -6.9650123e-04
  2.4606727e-04  1.5834903e-03  8.0135220e-04 -1.3840910e-03
 -4.3802058e-05 -1.0507529e-03 -1.6409499e-03 -1.4565709e-03
  5.9905080e-05  7.0186530e-04 -3.0467397e-04 -1.6186339e-03
  1.6533663e-03  1.3018630e-03  4.5175967e-04  8.6546701e-04
  1.5650594e-03  1.6652362e-03  8.3168800e-04  8.3483121e-04
  1.5909397e-03  7.9433277e-04 -3.9767721e-04 -1.3692831e-03
 -1.4167802e-03  1.6091738e-03 -8.8480813e-04  9.2423800e-04
 -7.7076774e-04  7.3424733e-04 -1.0210143e-03 -1.4385026e-03
  4.1703563e-04  3.4045854e-05 -1.1110934e-03 -4.2247211e-05
  1.3133000e-04 -1.4508071e-03 -1.6487723e-04  1.4483532e-03
 -8.3548628e-04  1.5129629e-03  1.3499061e-03  7.3047407e-04
  1.6588361e-03 -6.1645685e-04  1.1489515e-03  1.0800809e-03
 -2.7062988e-04 -1.1308336e-03  7.7842525e-04  5.5493694e-04
 -9.1787794e-04 -1.1587328e-03 -4.3284037e-04  6.9427892e-04
  4.8298255e-04 -7.3195505e-04  1.0995363e-03  1.3834999e-03
 -1.3895462e-04  1.5584507e-03 -1.5235280e-03 -6.4566743e-06
 -1.0363252e-03  1.4054739e-03  1.0724069e-03  6.0211495e-04
 -5.8106676e-04 -1.3391087e-03 -1.6110670e-03 -7.2257424e-04
 -1.6636185e-03 -6.8409485e-05  4.1161937e-04  1.5001914e-03
 -1.2609217e-03  3.3790432e-04 -1.2438050e-03  7.8215566e-04
 -3.6768039e-04  1.2811170e-03  1.2621850e-03 -6.1630137e-04
  5.0276314e-05  2.9051618e-05 -4.5642366e-05 -1.2992276e-03
 -1.6375477e-03 -7.3712034e-04  1.6003832e-03 -1.2571991e-03
  2.5231572e-04 -3.8761337e-04 -1.4310138e-04  8.9331303e-04
 -7.6642475e-04  7.4655202e-04  2.3761169e-04  1.6589501e-03
  4.4512036e-04  3.6536192e-04 -5.5817660e-04  5.6467118e-04
 -1.2003430e-04 -4.1523270e-04 -1.4575733e-03  1.5651603e-03
  3.0219572e-04 -8.6404826e-04 -1.1218996e-03 -2.7678423e-05
 -2.9030904e-05 -7.6079974e-04 -1.5183382e-03 -2.8731447e-04
  1.6315264e-03  4.7088732e-05  1.7971612e-04  7.2052010e-04
 -3.7643954e-04  1.3253638e-03 -2.0792276e-04  1.2961566e-03
  1.1123311e-03 -8.7958545e-04 -8.3729613e-04 -1.3902971e-03
  7.0676644e-04  1.7885503e-04  1.0693212e-03  2.9977571e-04
  1.6563876e-03  1.5055155e-03 -5.8273447e-04  2.1069444e-04
 -4.0209299e-04 -1.3661470e-03 -4.1721869e-04  1.1513589e-03
 -3.6757975e-04 -5.4676947e-04 -1.5342331e-03  1.5170223e-03
  2.9878927e-04  1.4010553e-03  1.2087463e-03  1.0750323e-03
 -1.2766090e-03 -1.6209017e-03  6.7447271e-04  3.6288725e-04
 -3.4827713e-04  5.9478445e-04 -4.5267245e-04 -1.3020453e-03
  6.0089683e-04 -6.6055934e-04 -1.2473621e-03 -1.0681070e-03
 -1.6194936e-03  8.1205607e-04  2.7043451e-04 -1.3446078e-03
  2.8576964e-05 -1.4457552e-03  1.5951009e-03 -1.4510188e-03
 -7.3562772e-04  1.3164765e-03 -1.0632405e-03 -7.3809363e-04
  9.0948399e-04  1.0832230e-04  8.5452554e-04 -5.1304634e-04
  2.3657657e-04 -3.4588270e-04 -1.2256356e-03 -1.3340524e-03
  1.6265665e-03  1.2437988e-03 -1.3665000e-03  1.3111499e-03
 -4.4746703e-04 -6.5882475e-04 -3.6705428e-04  1.6395884e-03]"
코미디,"[ 1.92619162e-04  5.61095017e-04  1.45100511e-03 -3.81923717e-04
  5.98835235e-04 -1.23642501e-03 -1.02759630e-03 -1.38895179e-03
 -1.02662749e-03 -4.41196666e-04 -9.42248444e-04  1.41164474e-03
 -5.95717400e-04 -1.45799771e-03  6.62009770e-05  1.16318068e-03
 -1.32347282e-03  3.73116374e-04  1.57468405e-03  1.06368400e-03
 -1.36684102e-03  7.37541297e-04 -7.93306739e-04 -1.71032952e-04
  2.87485280e-04  4.17330535e-04  4.02440812e-04  1.38616003e-03
  9.01694468e-04 -2.02525989e-04 -8.32549238e-04 -7.03567232e-04
 -9.29721165e-04  6.45838853e-04 -3.16264370e-04  1.35274010e-03
 -1.15187734e-03  5.62531990e-04  6.97843905e-04  8.71897268e-04
  7.15392933e-04 -6.50261180e-04  6.88028638e-04 -4.46450547e-04
 -1.18545711e-03 -2.25179916e-04 -1.28177472e-03  1.15410099e-03
  1.65457744e-03 -1.25825941e-03 -1.25843566e-03 -1.14681746e-03
  1.55732676e-03 -1.12068828e-03 -2.09393853e-04 -1.35279202e-03
 -7.19091098e-04 -9.49287380e-04  9.10456292e-04 -1.33171515e-03
  6.10036950e-04 -1.29531499e-03  8.04096984e-04 -9.92287678e-05
 -2.93244782e-04 -1.31057622e-03 -4.09392233e-04  1.63048529e-03
  9.43853694e-04  7.82493094e-04  1.25408382e-03  4.57949704e-04
 -5.60665096e-04 -5.64235379e-04 -1.47170026e-03  2.46014009e-04
 -3.68923211e-04 -3.72158131e-04 -5.55925770e-04  8.57368286e-04
 -5.42678579e-04  5.51265024e-04  1.15061027e-03 -1.34827278e-04
 -8.63083056e-04  1.34133303e-03 -3.88134999e-04 -6.97203737e-04
 -3.34124925e-04  1.21240853e-03 -3.71550268e-04  8.05748568e-04
 -6.10974676e-04  7.86994860e-05 -3.93187715e-04 -1.61765167e-03
  1.59433496e-03  4.74658824e-04  1.66316668e-03 -8.72748147e-04
 -9.83603066e-04 -4.63512843e-04  2.34567968e-04  1.64306769e-03
  1.47793311e-04 -5.10465179e-04 -5.47384436e-04  3.19812912e-04
 -1.16721657e-03  8.10585479e-05  1.35584548e-03 -5.60988323e-04
  2.27731391e-04  7.79159309e-04  1.40183291e-03  5.92643919e-04
  2.87101808e-04 -5.45564631e-04 -3.35764955e-04 -7.89796293e-04
  7.74167769e-04 -1.01710623e-03 -1.25750119e-03 -9.27921792e-04
 -5.97387610e-04  2.40024834e-04  8.26605246e-04  6.35084521e-04
 -1.40000519e-03  1.10696873e-03  1.14491989e-03  7.47480488e-04
 -1.18203876e-04 -1.05548708e-03 -1.60867779e-03 -1.40938465e-03
 -5.65286260e-04 -5.94726123e-04 -1.08667335e-03 -5.76574297e-04
 -1.63312629e-03 -8.65449198e-04 -1.62513251e-03 -3.49606067e-04
 -1.15572009e-03  4.97145593e-05 -4.55954520e-04  3.61631770e-04
 -5.97457227e-04  4.52801207e-04  3.99247190e-04 -1.61173416e-03
 -8.04544019e-04 -7.80921371e-04  1.34431489e-03 -6.34915079e-04
 -1.12348329e-03 -1.57217868e-03 -1.44205196e-03 -4.59822477e-04
 -1.04526407e-03  1.57483632e-03  1.45711342e-03  9.55672294e-04
 -1.40828546e-03 -7.86516641e-04  1.52841641e-03 -1.28611457e-04
  8.89612147e-06  6.50155940e-04  1.25213945e-03 -8.70566524e-04
  8.57545238e-04  7.78810936e-04 -1.09296513e-03 -7.96344772e-04
  1.61016331e-04 -4.12786321e-04 -5.42545691e-04  1.27594243e-03
 -8.54476588e-04 -8.91070231e-04  3.29415692e-04 -1.34034269e-03
  3.96165589e-04 -1.52783503e-03  7.77221692e-04 -9.29844740e-04
  1.62573310e-03 -6.17561047e-04  1.12957961e-03 -3.33987875e-04
  1.51138275e-03 -1.41429948e-03  1.57352665e-03  5.96792612e-04
 -1.02603529e-03 -1.33483170e-03  1.21765392e-04  1.07378687e-03
  9.53661802e-04  9.68503940e-04  6.68059220e-04  6.72314665e-04
 -1.15141389e-03 -9.99107142e-04  3.88643020e-05  4.11996662e-05
 -1.48711330e-03 -1.80068804e-04 -1.30770658e-03  7.18239520e-04
  3.17976723e-04 -8.07393168e-04 -1.57342199e-03  2.23710216e-04
 -9.12162301e-04  1.49044616e-03 -1.05590990e-03  8.92360622e-05
 -1.18087954e-03  3.00591637e-04 -6.11780153e-04 -1.20060646e-03
  8.25835101e-04  1.25848316e-03  7.85028795e-04  1.57422479e-03
  9.00235318e-04 -1.54368277e-03 -1.63997256e-03  3.25907953e-04
  5.27988595e-04  3.70195776e-05  1.84536621e-04 -1.56434567e-03
 -1.98017500e-04  3.08914139e-04 -1.41347619e-03  7.33002205e-04
  1.04575638e-05  1.20275794e-03 -1.17429858e-03  3.11834156e-04
  9.84244631e-04 -3.03482549e-04  1.06348004e-03 -6.27550646e-04
  4.01821861e-04 -8.38819833e-04 -1.90251594e-04  1.29600812e-03
  1.07741531e-03  1.09617668e-03  9.76722571e-04 -1.39093678e-03
  1.10224762e-03 -8.41564906e-05  1.43663632e-03 -3.66517401e-04
  7.28829007e-04  1.45872391e-03  6.65745101e-05  8.64666596e-04
 -1.05186156e-03 -1.02041976e-03 -9.60618199e-04  1.57640118e-03
 -1.32960054e-06  6.18813909e-04 -1.46152370e-03  1.41161436e-03
  3.36720172e-04  8.26225092e-04  6.39572332e-04  7.91000784e-05
 -2.76058126e-04 -5.65657319e-05  9.77673451e-04  1.57121290e-03
 -1.30777992e-03 -1.07244146e-03  1.63989433e-03  3.42431420e-04
 -1.58671325e-03 -8.09697900e-04 -1.13486277e-03 -7.07130996e-04
  1.32545084e-03 -5.40207606e-04 -4.01302153e-04 -1.12566538e-03
  1.01220817e-03 -1.22028764e-03 -6.39339632e-05 -2.75837432e-04
 -3.18117352e-04  1.38546980e-03 -1.51274362e-04 -1.01778039e-03]"
과학,"[-9.17812984e-04 -7.96043663e-04  8.15578795e-04 -1.13569421e-03
 -5.58666070e-04 -6.11278461e-04 -3.06620263e-04  1.01780216e-03
 -5.97939012e-04  7.01426143e-06  1.51860446e-03  1.24390482e-03
 -1.61664351e-03  3.31980380e-04 -5.66150236e-04 -8.64224334e-04
  1.27595966e-03  4.89640981e-04 -5.82020206e-04  5.62088797e-04
  4.63464472e-04 -1.36378920e-03 -1.10128277e-03 -1.12627121e-03
 -4.49415878e-04 -1.38013123e-03 -1.38522487e-03  6.76554919e-04
  1.34470325e-03 -5.80427470e-04  7.56946334e-04 -4.37737501e-04
 -6.49198424e-04  8.95843026e-04 -6.59637153e-04  1.50862755e-03
  1.35300634e-03 -5.73379395e-04  4.80938063e-04  8.32096033e-04
 -5.22918650e-04  3.99897137e-04 -3.22571635e-04 -8.98787577e-04
  9.65709856e-04 -1.52819464e-03 -3.36743804e-04  6.34302618e-04
 -1.48229161e-03 -1.44368096e-03 -1.33458094e-03 -6.70048117e-04
 -1.16786524e-03  6.30522380e-04 -1.78678121e-04  3.64402840e-05
  8.96214275e-04  3.14476551e-04 -8.82556837e-04  1.37414841e-03
 -8.56662111e-04 -1.14047586e-03  1.33377640e-03  4.20458004e-04
  9.94429458e-04 -2.52138889e-05 -1.28620095e-03 -9.49483190e-04
  7.78480608e-04 -1.60649128e-03  1.08225958e-03  9.80287092e-04
  1.47680333e-03  4.96727938e-04 -1.53616758e-03  1.40825938e-03
  2.34246530e-04 -1.46169518e-03  5.01988805e-04 -2.63278664e-04
 -1.28884299e-03  5.99300838e-04 -6.39049045e-04 -1.12044998e-03
 -7.38664414e-04  1.45512202e-03  1.13650181e-04  7.63717981e-05
  7.56748952e-04  1.19963493e-04  9.56668169e-04  4.98673762e-04
 -1.36874165e-04  1.41797893e-04  1.39198569e-03  5.72767283e-04
  1.52205338e-03  4.25207021e-04 -1.62409933e-03 -1.51990191e-03
  1.06068549e-03  1.06776855e-03  8.47638526e-04  9.48451401e-04
 -5.29643847e-04 -5.42947208e-04 -1.07140292e-03  1.60140815e-04
  3.63868428e-04  7.26671249e-04  1.54369907e-03 -8.12439015e-04
 -1.97151632e-04 -1.50442182e-03  1.12345624e-04  8.39073764e-05
 -7.32303015e-04 -6.28856535e-04 -7.78136600e-04 -7.95691274e-04
  6.20316830e-04 -2.94166064e-04  7.67627091e-04 -7.94300868e-04
  1.51328358e-03 -8.69772572e-04 -1.51386089e-03 -8.00420763e-04
  1.29278097e-03 -1.04111223e-03  8.17571708e-04 -6.24669265e-05
 -1.49770011e-03 -8.35795479e-04 -1.42845529e-04  1.17475865e-03
 -7.97126733e-04 -1.75002933e-05 -1.49951689e-03  1.03525272e-04
 -2.84254529e-05  9.55887022e-04 -9.65989078e-04  1.00689544e-03
 -1.62222434e-03  5.01696893e-04 -3.34776589e-04 -4.91446524e-04
  1.10636093e-03  2.47979391e-04  5.26457385e-04  1.06185873e-03
  5.22136397e-04  9.46808257e-04 -1.06936402e-03 -8.96107114e-04
  8.16835527e-05  8.14579718e-04  1.10144797e-03  2.29718371e-05
 -5.31162834e-04  1.43302174e-03  6.49675319e-04 -7.21548509e-04
  5.77457133e-04 -1.28745963e-03  1.57570071e-03 -7.56737078e-04
 -1.03361392e-03  1.33647455e-03 -3.70694877e-04 -1.06424071e-04
  8.78933177e-04 -1.35772116e-05  1.63689279e-03 -1.54007366e-03
 -1.60190847e-03 -4.77373163e-04  8.72402103e-04 -9.29051894e-04
  7.26624330e-06 -1.11714262e-03  3.26901849e-04  5.61958121e-04
  1.22327579e-03  9.50200265e-05 -1.39119918e-03 -9.52366623e-04
 -1.22862158e-03 -5.78275125e-04 -1.63384608e-03 -1.02694554e-03
  2.98201921e-04 -1.48980098e-03 -2.00571609e-04 -1.49838545e-03
  7.66157464e-04 -1.24331971e-03 -1.02585752e-03 -1.08892121e-03
  7.95567990e-04 -7.73237436e-04 -6.80122990e-04 -9.92090325e-04
  1.40040834e-03  1.29363022e-03  1.08151056e-03  1.37191010e-03
  5.91475982e-04 -1.22400431e-03  1.48612866e-03  1.16983755e-03
 -7.39476018e-05 -6.83931459e-04  1.63216912e-03 -1.43629644e-04
 -7.69808190e-04 -1.57631224e-03  1.57076318e-03  1.38478074e-03
 -8.80428823e-04 -8.54687241e-04 -1.07532821e-03 -4.33666661e-04
  4.65648300e-05 -1.81147756e-04  1.39777479e-03 -3.52275645e-04
  1.28247822e-03  5.65734168e-04 -6.00995612e-04 -1.24994176e-03
 -1.52763841e-03  9.40930506e-04 -2.17230321e-04 -5.87231014e-04
  1.08341314e-03 -1.66640981e-04  1.76246700e-04  1.07348606e-03
  1.49697089e-03  1.51562244e-06 -1.48253678e-03 -2.86995113e-04
  9.05229768e-04  1.03209622e-05  8.79267056e-04 -1.47747074e-03
 -6.02568500e-04  1.66322643e-04 -1.58108550e-03  1.41005567e-03
 -1.58974610e-04  4.63644363e-04  3.71056172e-04 -1.50066311e-03
 -1.02740573e-03  3.30628827e-04  4.62611235e-04 -1.14970157e-04
 -1.46749010e-03  4.98467089e-05  1.00849080e-03 -1.66075840e-03
  7.95185275e-04 -2.80746299e-05  4.94283275e-04 -1.34982320e-03
 -1.08736090e-03 -6.73270726e-04  1.08999899e-03  8.64862057e-04
  1.34910713e-03 -1.19148009e-03  1.52715758e-04 -3.95126408e-05
 -3.25532688e-04 -4.01780009e-04  1.37690827e-03 -1.38311228e-03
 -1.85445460e-04 -1.00260868e-03 -7.63386895e-04 -4.26844024e-04
  4.26673738e-04 -1.32021960e-03 -3.97862110e-04  1.59250584e-03
  1.29242253e-03  1.24851777e-03  4.42347577e-04 -1.02813159e-04
  6.79198944e-04 -1.60921493e-03  7.78544854e-05 -1.25202630e-03
 -7.09194923e-04 -7.27437146e-04 -4.39982075e-04  3.44985834e-04]"
고전,"[ 1.55805971e-03 -1.44406955e-03  1.43375760e-03 -1.41540891e-03
 -1.08767315e-04 -1.33027963e-03  1.05127774e-03 -1.50150759e-03
 -8.09671998e-04 -9.19860904e-04 -5.97175385e-04  1.44390075e-03
  1.46664470e-03 -7.95989879e-04 -4.16248186e-05 -3.23004817e-04
 -5.77035535e-04  2.06541386e-04  3.51869647e-04 -7.98878144e-04
  9.31519433e-04 -7.58841459e-04  3.71832633e-04 -1.57427706e-03
 -1.00392674e-03 -1.25468196e-03  5.45681745e-04 -7.05004786e-04
 -7.24348007e-04 -1.51472539e-03  1.32604747e-03 -1.47082796e-03
  1.41967379e-04 -1.02141530e-04  1.65334059e-04 -8.11789418e-04
 -4.80794581e-04 -9.59857018e-04 -6.81559206e-04  1.27071911e-03
  1.46050949e-03  4.03859012e-04 -2.18954476e-04 -9.99491662e-04
  8.32862788e-05 -1.35230063e-03  1.19509199e-03  8.04408221e-04
  1.19125056e-04  6.85983396e-04 -1.18781428e-03  1.44926796e-03
 -4.66747384e-04 -3.45759763e-04  1.23080343e-03  1.53304788e-03
  1.13242515e-03 -1.03951397e-03 -4.50771295e-05 -8.23941024e-04
 -1.38011749e-03  1.02872832e-03 -5.04470954e-04  6.23010856e-04
 -6.11879223e-04 -1.02843752e-03 -1.24238711e-03 -1.55383162e-03
  1.58962896e-04  2.63065129e-04  2.33173982e-04  1.00870908e-03
 -1.15075125e-03 -8.67780647e-04 -7.83675176e-04  5.25080482e-04
 -9.40978527e-04  9.85890510e-04 -1.01615151e-03  2.02041541e-04
 -2.95879348e-04 -1.11419475e-03  3.12839256e-04  9.17721714e-04
 -9.11850540e-04 -5.65155409e-04 -6.06614398e-04  2.92496494e-04
 -3.25710862e-04  9.99966054e-04 -8.38175532e-04 -1.58665411e-04
  3.09039344e-04  1.05142040e-04 -1.58802854e-04 -1.05886126e-03
  4.87316313e-04  1.21491074e-04  9.97553798e-05  1.03287026e-03
  6.30269118e-04  9.65657353e-04 -1.47293485e-03  5.14460728e-04
 -1.12183881e-03  1.41357468e-03 -5.91353688e-04 -6.61469880e-04
 -7.12985580e-04 -2.15912514e-04  3.91588750e-04  1.79870534e-04
 -7.92476872e-04  2.60595873e-04  4.35224152e-04  1.32152054e-03
 -1.82075892e-04 -1.32619159e-03 -1.02989248e-03  7.01296958e-05
 -1.47602847e-03 -8.89670046e-04  9.40270547e-04 -5.88724157e-04
 -1.15721405e-03 -9.70399647e-04 -4.46487946e-04  6.68713416e-04
  1.45219115e-03 -3.69468646e-04  2.28642297e-04  9.84667451e-04
 -5.20551577e-04 -1.13456696e-03 -4.72392450e-04 -1.38461031e-03
 -3.16731283e-04  9.36730241e-04 -3.86293686e-05 -1.34125561e-03
 -4.82880860e-04  1.57806335e-03 -1.52259367e-03 -2.33182538e-04
  3.68680252e-04  7.11635454e-04  1.22008403e-03  4.54038469e-04
 -2.80019070e-04  2.94968322e-05 -6.02788234e-04  5.59289474e-04
  4.33190173e-04  1.55060680e-03  1.21717376e-03 -1.39035995e-03
  1.33509235e-03  1.37865497e-03  8.06217897e-04 -8.71126467e-05
 -1.43363350e-03 -1.52997731e-03 -7.18255062e-04  2.48334894e-04
  1.32311485e-03  3.03989975e-04  1.31904380e-03  1.63986493e-04
  4.30675165e-04 -9.34909447e-04  5.58273285e-04  2.84655922e-04
  1.69312683e-04 -4.79775423e-04 -6.87327003e-04 -3.57150013e-04
 -1.18653791e-03  8.45561619e-04  6.25005167e-04  1.58554700e-03
 -5.60330634e-04  9.21835366e-04  1.29245722e-03 -3.58179968e-04
 -1.06175081e-03 -1.34813716e-03  5.93589386e-04 -1.23768370e-03
 -9.59960962e-05 -4.37713810e-04  9.20600549e-04 -1.37143221e-03
 -8.15981621e-05 -2.08100009e-05  6.45281223e-04 -1.06181414e-03
  1.11950340e-03  6.18388585e-04  7.06943742e-04 -1.64787052e-03
  8.07318953e-04  9.27433197e-04  1.25294318e-04 -2.21253606e-04
  6.30919822e-04 -9.48191388e-04  1.47652358e-03  1.05272839e-03
 -1.39584672e-03 -1.52056757e-03  5.39957196e-04  4.46080201e-04
  6.63921412e-04  6.28779235e-04 -2.92234210e-04 -6.21900370e-04
 -1.51106948e-03 -3.64545733e-04  1.19363633e-03  4.93655738e-04
 -6.53938623e-04  1.02513353e-03  1.29777065e-04  9.19394894e-04
  4.60071606e-04 -1.45677861e-03  2.67920521e-04  1.11706695e-03
  5.62191126e-04 -1.37648056e-03  1.26534700e-03 -6.59553683e-04
 -7.20957760e-04 -4.95867338e-04  1.63851085e-03  2.76093837e-04
 -1.02300139e-03 -1.39019475e-03 -1.08745520e-03 -4.23769699e-04
  1.15934748e-03 -5.84547408e-04  3.30752664e-04 -1.46514946e-03
  8.85423797e-04  7.42911361e-04  1.02395809e-03 -1.10906351e-03
 -1.50614197e-03 -5.34058549e-04 -1.41608051e-03  8.22081696e-04
  5.31800964e-04 -2.26971199e-04  4.62269199e-05 -5.20215021e-04
 -5.24943112e-04  1.11296889e-03  6.09872397e-04  4.39433759e-04
 -1.36833085e-04  1.14946952e-03 -2.86037917e-04  2.24522391e-05
 -8.18171422e-04 -7.24456040e-04 -1.49497925e-03  3.83632316e-04
 -5.70067896e-05  1.06384652e-03  1.57474843e-03  1.58801122e-04
  1.55181286e-03  9.29266913e-04 -5.69816795e-04  1.55959034e-03
  1.14003033e-03 -4.21008299e-04 -1.61314209e-04  1.19815464e-03
  6.43745298e-04 -4.22067940e-04 -1.19254680e-03  1.13199127e-03
  1.49446435e-03 -1.40396913e-03  1.58973748e-03  1.47350691e-03
  1.40413782e-03  7.59900024e-04 -7.66727608e-04  1.06361811e-03
  7.32266810e-04 -7.61529198e-04 -1.43489102e-03 -8.89671443e-04
  3.58196732e-04 -2.12730272e-04  5.08069352e-04 -4.58173628e-04]"
예술,"[ 7.8594871e-04 -1.0940422e-03 -1.4695394e-03  1.2814911e-04
 -1.0299530e-03 -1.2759578e-03 -4.0001166e-04 -2.3201812e-04
 -4.4572685e-04  5.1140448e-04  1.5400364e-03  1.3354537e-03
 -4.4514003e-04  4.0998356e-04 -6.3428015e-04 -1.6476184e-03
  5.4018968e-04  4.9215156e-05  5.4200774e-04  1.1658652e-03
 -5.7932160e-05  1.5156505e-03  6.8758242e-04 -7.9066295e-04
  1.3308883e-04 -6.9348334e-04  2.8096055e-04 -5.5948237e-04
 -1.6624794e-03  2.1306405e-04  1.4992036e-03 -5.3314830e-04
 -1.3047169e-03  1.0246810e-03 -1.3483313e-03 -2.9997595e-04
  5.1249750e-04 -1.6641124e-03 -8.6180726e-04 -5.7298393e-04
  2.7455218e-04 -1.2484993e-03 -5.7219872e-06 -4.3863727e-04
  1.1755915e-03 -3.6520694e-05  8.1015954e-04  1.6535837e-03
  7.8171876e-04  8.6072885e-04  1.9454006e-04  2.1196693e-05
  6.6666800e-04  7.0103572e-04  1.2181778e-03 -2.5888515e-04
 -6.7301025e-04 -5.9303828e-04  1.2789895e-03 -5.0282886e-04
  1.6578330e-03 -8.2697073e-04  1.0900684e-03 -1.3982107e-04
 -4.9306080e-04 -5.1832723e-04  9.5900655e-04  1.1238746e-03
  9.7143155e-04  1.3273091e-03  5.9464230e-05  8.7912992e-04
  4.8072153e-04 -1.1166222e-04  6.1200996e-04 -6.5090007e-04
 -1.4842297e-03 -2.4211657e-04 -1.3040330e-03 -1.0401510e-03
  1.6512175e-03 -1.6385784e-03  4.6493049e-04 -8.6071633e-04
 -1.1222747e-03  1.4385829e-03  1.0741290e-03 -1.0351012e-03
  1.3969451e-03  1.4900209e-03  1.1375048e-03  4.2119602e-04
  7.2219654e-04 -1.6095684e-03  3.2246523e-04 -7.7354163e-04
 -8.5444088e-05  5.8566604e-04  8.1089733e-04  7.3268387e-04
 -6.8714342e-04  1.6577732e-03  1.5820195e-03  2.6329898e-04
  2.1218244e-04  8.7794423e-04  2.6858560e-04  1.3616621e-03
 -6.7241827e-04  1.4216998e-03  1.4252067e-03 -1.6373419e-03
  1.3310410e-03 -7.0938567e-04 -3.3632666e-04 -1.9628197e-04
  9.2332007e-04  7.8818429e-04  2.6783280e-04 -1.5425093e-03
  7.3317511e-05  1.3301758e-03  4.7227117e-04  1.4335683e-03
  5.9292605e-04 -1.4684055e-03 -1.2007953e-03 -1.0443433e-03
  8.8147708e-04 -2.1927408e-04  6.2371971e-04  1.0748635e-03
 -1.3465462e-04  7.8301702e-04 -1.6522765e-03 -2.5951807e-04
 -7.4699952e-04 -1.2140186e-03  1.6159236e-03  1.3277410e-03
 -3.0492531e-04  2.7070320e-04  2.7818477e-04  6.3622685e-04
  1.5197617e-03 -1.0321174e-03 -6.8283611e-05  1.3915051e-03
 -1.4658505e-03  2.0810628e-04  2.8354066e-04  5.2556669e-04
 -1.3129328e-03 -1.1515776e-03  7.4490876e-04  3.1238297e-04
 -8.4028143e-04  1.1087401e-03 -1.4683444e-03 -1.1506393e-03
 -1.0576970e-03  7.1871170e-04 -4.2418932e-04 -1.9993432e-04
  8.1600266e-04  1.3117448e-03  6.7106029e-04 -7.4911886e-04
  1.4331614e-03 -5.3116097e-04  1.4906154e-03 -1.0335427e-03
  1.5749142e-03 -6.1529470e-05  2.3004062e-05 -6.8620365e-04
  6.3076301e-04  4.9967086e-04  1.3426202e-03  1.4654555e-03
 -1.7223215e-04  1.1188114e-03  1.1365855e-03  5.2714511e-04
  1.3002951e-03 -9.2580169e-04 -7.2318857e-04 -1.3288823e-03
 -9.7374542e-04  1.1999931e-03 -1.4933187e-03 -2.5626033e-04
 -1.1090211e-03 -1.5955112e-03  1.3368997e-03  1.2228788e-03
 -2.0312643e-04 -1.2640160e-04 -1.4962085e-03 -6.2182144e-04
 -6.6351691e-05  2.7795462e-04  5.6523236e-04 -2.7340834e-04
  1.1958937e-03  7.4018346e-04  9.9183992e-04  1.3421649e-03
  8.9434581e-04 -1.4324910e-03 -1.5821718e-03  6.7298289e-04
 -9.0314669e-04 -1.6155042e-03  1.2989114e-03  3.2650624e-04
 -7.1786046e-05 -1.5605905e-05  3.4789840e-04  7.0202572e-04
  2.5348410e-05 -7.7396550e-04  5.7997211e-04 -7.0588978e-04
  1.2823913e-04 -1.4316803e-03  1.0679347e-03 -4.4066433e-05
  7.3243800e-04 -1.7765891e-04  2.9855152e-04 -7.1081147e-04
 -1.4465841e-03  1.4809485e-03  1.5603692e-03  4.7477154e-04
 -7.7773031e-05 -3.1770082e-04  2.5336153e-04  8.2995143e-04
 -4.1790775e-04 -3.3122316e-04 -7.6225068e-04  1.6497031e-03
 -8.8480278e-04  1.5256306e-03  1.9911966e-04  1.5228417e-03
 -1.6055283e-03 -1.4042787e-03 -1.3159922e-03  5.0807459e-04
  1.3922874e-03 -6.8788393e-04 -4.1239004e-04  1.8993295e-04
 -5.5635121e-04 -1.1105422e-03  7.9196593e-04  5.4528151e-04
 -5.8741297e-04 -6.1157561e-04 -8.0855243e-05 -9.5225731e-04
 -7.4275216e-05  1.9188529e-04 -9.9655730e-04 -8.3829782e-06
  1.5324439e-03 -1.0663030e-03 -1.2602258e-03 -1.4705262e-03
  8.4688974e-04  5.8318512e-04  8.2098687e-04  1.0666626e-03
  1.5276159e-03 -1.0111914e-03 -7.1428000e-04 -1.3358145e-03
 -1.1298385e-03  1.4756748e-03 -9.0862380e-04  3.8722754e-04
 -2.3399004e-04 -1.3845756e-03  9.4518537e-04  1.0708170e-03
 -1.6478653e-03  1.6135934e-03  4.2553878e-04  7.3999586e-04
 -2.9945330e-04 -1.5387788e-03 -1.1193128e-03 -1.5059509e-03
  4.8307554e-04  1.1664550e-03  1.4566644e-03 -6.6002220e-04]"
철학,"[-1.6058675e-03 -1.9991267e-06  4.8242541e-04  1.1597528e-04
 -4.3695941e-04  3.1544323e-04 -9.2530594e-04  9.5723505e-04
  3.9472038e-04 -1.6402128e-03  1.2017387e-03 -1.4087025e-03
 -7.4257224e-04 -7.3640949e-05  9.1779548e-05 -1.2276241e-03
  7.3356496e-04  2.7496426e-04  2.1845321e-05  1.5720264e-03
 -8.8511972e-04 -3.2896709e-04  1.5527761e-03 -1.5973034e-03
 -1.9243128e-04 -1.6317895e-03 -1.3656988e-03  1.3480868e-04
 -1.4790712e-03 -2.6575656e-04 -6.0720963e-04  9.4546814e-04
 -8.0645742e-04  2.9875274e-04  5.6271878e-04  5.3283229e-04
  1.3710668e-03  5.2004740e-05 -1.1545882e-03 -5.0837605e-04
 -3.1281702e-04 -1.4254535e-03  6.1947701e-04  1.5874435e-03
  7.4198288e-05  3.5125006e-04  4.1187344e-05  1.5746541e-03
  1.3268177e-04 -6.2520389e-04 -1.3682545e-04  1.1896056e-03
 -3.1739674e-04 -4.0172445e-04 -1.1737369e-03  8.5272850e-04
  1.3378750e-03  1.6000505e-03 -4.6099440e-04  1.4868950e-03
  1.0908301e-03  5.2353239e-04  1.1125897e-03 -1.5657219e-03
 -1.0601205e-03 -4.8101941e-04  7.7578740e-04 -2.0746027e-04
  1.9863523e-05 -1.6113366e-03  1.3909121e-03 -6.4107892e-04
 -1.5220681e-03 -1.0019824e-03  1.5959096e-03 -8.6093537e-04
 -4.9223518e-04  2.9299251e-04  1.7998353e-04 -8.3187287e-04
  1.6428021e-03  8.9653052e-04 -9.8063273e-04  6.4701703e-04
 -6.0068315e-04 -5.2603602e-04  4.7498089e-04 -1.5198847e-03
 -1.5440127e-03 -6.9480913e-04  8.1923281e-05  1.2969227e-03
  6.3273968e-04 -9.4542594e-04 -1.3496943e-03  8.5024149e-05
 -1.1561979e-03 -4.5093111e-05 -1.3805452e-03  1.1781749e-03
 -1.1125886e-03 -7.5371965e-04  5.8660697e-04  2.9833798e-04
  4.0909488e-04 -8.0581050e-04 -9.7541884e-04 -9.1183052e-04
 -1.4818880e-04  8.6261285e-04  7.8882911e-04  7.9272629e-04
  7.3806511e-04  9.9847943e-04  3.5956863e-04 -1.3844154e-04
 -3.2326044e-04 -1.6107591e-04 -1.0926733e-03 -5.9223119e-05
 -1.1235744e-04  3.8537837e-04 -3.8559691e-04  8.3288917e-04
 -1.1122520e-03  3.5809277e-04  7.2106713e-04  7.1167183e-04
 -1.2138053e-03 -1.1652479e-03 -2.0125942e-04 -1.5741828e-03
 -1.1353688e-03 -8.5858657e-04 -1.0265210e-03  1.5404134e-03
 -1.2638839e-03  1.4700288e-03  1.2377944e-03  1.4691845e-03
  7.8092777e-04  1.4851242e-04  3.3058773e-04  1.1352145e-03
  3.9160812e-05  2.5167450e-05 -8.9797955e-05 -1.3145150e-03
  1.0209773e-03 -6.8550801e-04  1.1196663e-03 -1.4255652e-03
 -1.5567971e-04  3.6688262e-04 -1.6065878e-04  6.3582096e-04
  4.8278458e-04  1.1014874e-03  4.9241225e-04 -8.1839436e-04
 -4.5402610e-04 -7.2207721e-04  8.9126272e-04 -5.3877488e-04
  5.1669928e-04  8.4958097e-05  1.0604510e-03 -6.9908315e-04
 -1.0437443e-03 -4.4657532e-05  1.3707447e-03  1.5207521e-03
  1.2587009e-04 -1.5603957e-03  8.8298577e-04 -1.3331696e-04
 -1.1294670e-03 -1.1769253e-03  1.1018022e-03 -2.4198595e-04
  1.6634916e-03  1.3411419e-03  1.2303382e-03  1.1009510e-03
 -7.2920456e-04 -5.4555130e-04 -2.7295251e-04 -1.3952893e-04
 -1.3602579e-03  8.3501684e-04  2.8698426e-04  1.9192482e-04
 -1.4734044e-03  4.3528780e-04 -7.7657097e-07  1.4397424e-03
 -7.6499744e-04 -1.1957899e-03 -1.1743204e-03 -2.9893720e-04
  1.4767984e-04 -1.4429285e-04  5.4558582e-04 -6.7743723e-04
 -1.1613602e-03 -1.5205344e-03  1.9391718e-04 -1.4176602e-03
  2.5421957e-04 -6.4633321e-04 -4.9482810e-04 -2.9540618e-04
 -8.3829415e-05  5.9337378e-04  7.1623561e-04 -3.3026215e-04
 -1.2168374e-03  5.6968938e-04 -6.3844759e-04  1.9757616e-04
 -8.5328950e-04  7.9879712e-04  1.1455475e-03  8.0091663e-04
  8.3199143e-04  1.6331357e-03 -1.5703139e-03 -3.5002671e-05
 -6.8987045e-04 -1.5953311e-03  4.4532988e-04 -1.1379657e-04
 -6.3852256e-04 -1.8645894e-04 -1.5572569e-03 -1.0004621e-03
 -6.9355278e-04  1.1860719e-03  1.5617911e-03 -9.1505091e-04
 -1.0627529e-03  1.4488135e-03 -5.2759639e-04  1.2765452e-03
 -1.0039786e-04  1.3658520e-03  3.3330455e-04 -7.5812114e-04
 -2.0305303e-04 -1.1469335e-03 -1.3033964e-03 -1.4761537e-03
 -1.5853844e-03 -1.6510378e-03 -4.8329806e-04  9.4922155e-04
  1.4540114e-04  1.4186836e-03  2.3891445e-04 -2.5885951e-04
 -1.1815126e-03  7.6376216e-04  3.8186664e-04 -1.6233610e-03
  8.5086707e-05 -1.4095532e-03  2.5785458e-04  2.6261981e-04
  2.0819876e-04 -5.8196834e-04  3.9335046e-04  1.2531728e-03
  2.9512492e-04  5.0288200e-04 -1.1809283e-03  7.2274043e-04
  4.6106562e-04 -7.4563915e-04  8.4343489e-04  1.1042311e-03
 -1.4329257e-03 -1.3486025e-03 -7.0868089e-04 -1.6252447e-03
  7.6502137e-04  6.0331684e-05  1.5452938e-03  1.0761353e-03
  1.4249125e-03 -1.5467260e-03 -5.9240754e-04 -4.9713178e-04
  1.4279518e-04  2.8696284e-04  2.2589456e-04  1.7542916e-04
  5.5239239e-04 -1.1674445e-03  1.6863298e-04 -1.4093642e-03]"
감동,"[ 1.44310680e-03 -6.34249649e-04 -7.21142686e-04 -1.39124831e-03
 -3.73278308e-04  1.65973860e-03  6.34151103e-04 -1.27117080e-03
  5.14513114e-04 -1.55169982e-03 -8.51024233e-04 -1.65750459e-03
 -4.06626117e-04 -1.15195231e-03 -1.55517156e-03 -1.03078934e-03
 -1.13190897e-03  6.44690474e-04  1.07946014e-03 -9.51976341e-04
  9.84103419e-04  3.09160299e-04  6.62418839e-04 -1.92792388e-04
  5.76980063e-04  1.15364871e-03  1.42937247e-03 -3.30238923e-04
 -1.10882719e-03  5.32347069e-04 -8.04213923e-04  7.83573545e-04
 -1.68291081e-05  9.95938201e-04  1.38738670e-03 -1.08672190e-03
 -1.40561548e-03  5.17346722e-04  7.20470853e-04  5.71619021e-04
 -1.65432016e-03 -3.75288277e-04 -1.30730961e-03  6.23474407e-05
 -9.04269400e-04  5.11507271e-04 -8.58562998e-04 -1.08574564e-03
 -6.90939953e-04 -9.85950581e-04  8.30506731e-04 -6.76050026e-04
  3.87483509e-04  4.06709616e-04  5.36436855e-04 -1.19469815e-03
  4.99698974e-04  1.35832105e-03  9.17382189e-04 -1.39397639e-03
  3.92063666e-04  9.06206842e-04  1.04275916e-03 -6.21452287e-04
  3.23530548e-04 -1.26731349e-03  1.47127407e-03  6.09492767e-04
 -4.05683561e-04 -1.43450103e-03 -7.90493330e-04 -1.11750432e-03
 -1.43845589e-03 -8.90705793e-04  9.33070667e-04 -5.00928181e-05
 -1.15671474e-03 -9.29576436e-06 -4.67129779e-04 -7.09361862e-04
  1.32357585e-03  1.55637914e-03  8.51253746e-04  1.61285955e-03
 -1.57859188e-03 -1.20387285e-03  1.20353524e-03  5.77859813e-04
  1.19343540e-03 -1.31929957e-03 -1.01861602e-03 -1.53001235e-03
 -3.54123185e-04  1.06140156e-03 -1.63770583e-03  3.88214685e-04
 -7.76871573e-04  8.16138810e-04  1.19831180e-03  1.03551385e-04
  5.61118301e-04  1.57900082e-04 -7.90142571e-04 -6.97947049e-04
 -1.01296362e-04  9.88130807e-04 -6.76215801e-04 -3.07774426e-05
 -5.88276132e-04  5.39546709e-05  1.25624728e-03  1.30495022e-03
  1.50181679e-03 -1.44809880e-03  5.26178395e-04 -5.26815944e-04
 -8.41452973e-04  1.53901917e-03  6.56068034e-04 -1.59189722e-03
 -1.11603970e-03 -1.17892213e-03  3.71038594e-04 -1.58395199e-03
 -1.43599557e-03 -4.46015096e-04 -1.57729222e-03  1.09064113e-03
 -9.48743313e-04  8.31233338e-04  1.35207170e-04 -9.73408343e-04
  1.03900442e-03 -1.30683393e-03  8.60807253e-04  7.58753158e-04
  2.70978126e-05  4.27254650e-04 -9.28501016e-04 -7.49309620e-05
 -1.18363881e-03  1.46959687e-03 -1.48254097e-03  6.96857460e-04
  7.54475768e-04  2.53791106e-04  5.47822856e-04  1.34337880e-03
  1.61120784e-03 -6.68799563e-04 -2.29746409e-04 -7.34648900e-04
 -1.18953013e-03 -5.74651291e-04 -7.22976343e-04 -6.76699507e-04
  1.93574044e-04 -1.51868444e-03 -1.16724882e-03 -6.65186613e-04
 -1.25407928e-03  1.16836815e-03  1.16995163e-03 -3.84890387e-04
 -1.50767399e-03 -8.39618442e-04  2.41427424e-05 -6.32358249e-04
 -1.34108204e-03 -4.16154537e-04 -1.54379138e-03  1.59584149e-03
  4.80709161e-04 -9.74014460e-04 -1.54393178e-03  1.27788715e-03
 -1.34290417e-03 -1.55775415e-04  1.46640115e-03  5.50306984e-04
  7.02925376e-04 -6.91306603e-04 -1.34493411e-03  1.19232375e-03
 -1.03060529e-03  5.56045619e-04 -8.06930009e-04 -1.09874958e-03
  4.72408719e-04 -8.97593098e-04  3.36559111e-04  1.30756421e-03
 -5.62795205e-04 -1.20396144e-03  9.33662930e-04  3.83086735e-04
 -2.41049871e-04  1.57547032e-03  8.20053829e-05 -1.51648815e-03
 -6.91165798e-04 -1.42430642e-03  1.04959647e-04 -8.52060839e-05
 -1.23355980e-03 -6.09239098e-04  1.04146183e-03  6.42781146e-04
 -4.25763174e-05 -9.85353137e-04  5.90001408e-04 -5.26066520e-04
  6.24063017e-04 -1.32446771e-03  6.85273553e-04 -4.35313821e-04
 -1.84233286e-04  5.21453447e-04  1.40395260e-03 -2.42717419e-04
 -9.43076389e-04 -2.05782242e-04  1.61270448e-03  1.62625266e-03
  3.10071191e-04 -4.24938626e-04 -1.39087811e-03 -1.03882933e-03
  1.02100370e-03  1.49506156e-03 -5.49929624e-04 -9.65953164e-04
 -1.54074538e-03 -6.68436599e-07 -1.01037917e-03  5.27266413e-04
 -1.34552806e-03 -6.04249421e-04 -1.37938739e-04  9.23485262e-04
 -1.54140696e-03 -2.04020442e-04 -5.13226201e-04 -3.95655836e-04
 -3.50516726e-04  5.88844996e-04  6.50282658e-04 -1.44113961e-03
 -1.51462073e-03  8.53976890e-05 -6.11847150e-04  1.40512129e-03
 -5.07770397e-04 -9.79537144e-04 -3.16457765e-04  3.96494142e-05
 -4.51892760e-04  3.24235269e-04 -1.05649047e-03  1.19387789e-03
 -6.86608895e-04  1.26225431e-03 -6.61581755e-04 -1.65323005e-03
  5.83952526e-04  1.62370538e-03  1.38919032e-03 -5.04741096e-04
 -1.56880612e-03  1.66532607e-03  5.24273084e-04 -1.54573389e-03
 -1.10755570e-03 -6.44517131e-04  6.57749944e-04  1.61560858e-03
 -5.75294776e-04 -7.73367297e-04 -1.59517687e-03 -1.37695519e-03
 -2.27480647e-04 -6.49133814e-04  4.38480667e-04  8.73818411e-04
  2.14612955e-04  5.73509897e-04 -2.57994863e-04  5.59683249e-04
 -1.66169877e-04  8.67887458e-04 -9.27605317e-04 -1.23103941e-03
  3.87457607e-04  6.36834229e-05  1.64254615e-03  1.30073505e-03
  1.31884043e-03  1.33735733e-03  7.37845039e-05  7.70257262e-04]"
반전,"[ 3.0996592e-04  9.8991950e-05 -9.5590894e-06  5.1253683e-05
 -1.3012327e-03  1.5727552e-03  5.1144586e-04 -3.7575528e-04
 -1.1614416e-03  3.1444020e-04 -1.4370778e-03 -1.5514843e-03
  1.2770396e-03 -1.5921098e-03 -3.0000709e-04  6.5083332e-05
  5.6818401e-04  6.2397949e-04  5.8167399e-04 -1.6268047e-03
 -4.0416740e-04  2.5757987e-05  8.9215289e-04 -1.3852002e-03
  7.9197751e-04 -1.1015113e-03  2.3112042e-04 -3.2691343e-04
 -1.3051103e-03 -1.1397201e-03  5.7886145e-04 -1.3614831e-03
 -5.1533728e-04 -1.5381352e-03 -2.0964940e-04 -6.4618862e-04
 -1.6428840e-03 -2.0150699e-04 -8.7247376e-05 -1.1438578e-03
 -1.0195351e-03 -1.3776678e-03 -1.7028839e-04 -3.6823246e-04
  1.3662584e-03  1.2971300e-03 -1.6204991e-04  1.5741191e-03
 -1.1984662e-03  2.1579321e-05  1.4086446e-03  7.1342546e-04
  7.4837671e-04 -2.7820896e-04  6.2239455e-04 -9.4537903e-04
  1.1196190e-03  4.4143223e-04  9.4209594e-04 -6.2640326e-04
  6.2518992e-04  5.1324675e-04  8.3064637e-04  1.3201246e-03
  1.1189940e-03 -1.2629085e-03 -8.2203718e-05 -8.8794326e-04
  8.9529244e-04  1.2670612e-03  5.3470023e-04 -1.5323759e-03
  1.0759631e-03  1.1876307e-03  1.4242535e-03 -2.5208227e-04
  1.1709232e-03 -2.6604213e-04  6.3283002e-04 -1.0540803e-03
  9.7564509e-04  1.2256057e-03 -1.5383476e-03  3.8442182e-04
  1.4402519e-03 -3.9450612e-04  2.2136282e-04  1.3245007e-03
 -1.2408120e-03 -1.5163478e-03  1.8646926e-04 -1.1839183e-03
  2.6805131e-04  9.5144555e-04  3.1440993e-04  1.1845561e-03
  1.5885265e-03  1.3960047e-03 -4.3203353e-04 -6.2847894e-04
 -2.0250434e-04  7.1581965e-04  1.0342567e-03  5.0891883e-04
 -5.2388286e-04 -1.0129815e-03  8.1567239e-04  3.4348679e-05
 -1.3663403e-04  2.1403251e-04 -1.4459682e-03  9.1432355e-04
 -2.5458885e-06  4.0825139e-04  1.3433245e-03 -6.5466412e-04
  8.8388810e-04 -4.9418112e-04  4.7347278e-04 -7.2803185e-04
 -1.2494415e-03  1.0190783e-03  1.0250944e-03  4.2844590e-04
 -1.5546093e-03 -6.5172097e-04 -4.0170961e-04  3.6818717e-04
 -8.4340462e-04  7.6325005e-04 -1.3282628e-03 -4.6774067e-04
  9.6262788e-04 -4.8701963e-04 -9.3872237e-05  1.0464501e-03
  6.5274368e-04  1.5257137e-03 -2.5755155e-04  1.3686054e-03
 -1.3059173e-03 -7.7093422e-04  1.1153601e-03 -1.6395079e-03
 -8.2039513e-04  6.4506865e-04 -5.0806470e-04 -7.8743487e-04
  1.2852558e-03 -1.5922714e-03  6.1292801e-04 -1.0019770e-03
 -1.4102986e-03  4.9196865e-04  1.1721476e-03  9.3396805e-04
 -1.3105310e-03  6.0739811e-04 -7.7976380e-04  9.2102651e-04
  1.8087105e-04  1.5321311e-03 -1.6448160e-03 -1.4735134e-04
 -6.7903014e-04  6.9432781e-04 -1.4286574e-03  1.6622838e-03
 -5.8951188e-04 -1.4659900e-03 -4.6571004e-04  6.7096815e-04
 -9.5121510e-04  9.5120526e-04  9.9384597e-05  3.1881868e-06
 -1.1071672e-03  1.4809023e-03  8.0993399e-04 -1.3508840e-03
 -4.8100538e-04 -1.2268480e-03 -1.3213435e-03 -1.4295487e-03
 -1.2191599e-03  5.3519424e-04  1.4662020e-03 -4.3913469e-04
 -1.2010189e-03 -1.0064603e-03  1.5666194e-03 -7.5119798e-04
  9.0155134e-04 -1.3750085e-03  1.1746071e-03 -3.4240074e-04
 -1.4069778e-03  1.3128729e-03  5.6863017e-04  3.6005926e-04
 -4.1454873e-04  1.3549774e-03 -1.1250820e-03 -1.2131216e-03
 -1.3075351e-03  7.8502443e-04  1.5919666e-04  1.6295055e-03
  1.0060929e-03 -1.2141143e-03  1.4777968e-03 -9.6103840e-04
 -6.8465539e-04  2.8052152e-04  2.6942894e-04 -1.2994139e-03
 -8.7652105e-04 -6.4784242e-04  1.1681700e-03  4.9660954e-04
 -1.2434323e-03  4.1929071e-04 -7.1095221e-04 -6.3680060e-04
  6.5609405e-04  7.0565671e-04 -3.6688230e-04  1.6097056e-03
  6.1272981e-04  9.0058253e-04  9.9087378e-04  1.4434034e-03
 -1.6290193e-03 -8.2337245e-04  6.2961463e-04  1.0300018e-03
  1.7082148e-04 -4.5257321e-04 -1.4107680e-03 -1.4309689e-03
 -1.2313816e-03  1.6462824e-03 -1.1581082e-03 -1.4848794e-03
 -6.1929743e-05  2.7964779e-04  4.9457303e-04  8.1534592e-05
 -4.0761297e-04 -6.4426049e-04  1.9097787e-04  4.3782237e-04
  2.3911987e-05 -5.1203137e-04 -1.6206390e-03  2.4499407e-04
 -8.4952079e-04  1.6442530e-03 -1.2210715e-03 -8.6372090e-04
 -1.6371423e-03 -1.3988434e-03  1.3923990e-04  7.3539064e-04
  1.7878726e-04  1.4414875e-03  6.6003244e-04 -1.4121884e-03
  5.3552171e-04 -6.7161227e-04  6.1655737e-04  1.5026740e-03
  7.7178312e-04 -1.1747953e-03 -1.2189763e-03  4.9793476e-04
  1.2013423e-03 -1.2130832e-03  4.9084803e-04  5.8108015e-04
 -4.6904528e-04  8.7985490e-04 -1.1830681e-03 -5.6195835e-04
  1.4345088e-03  1.7447819e-04 -5.3207355e-04 -2.0614517e-04
 -1.0064464e-03  8.0517093e-05 -8.3896122e-04 -1.2185440e-03
 -2.5027688e-04  1.6133268e-03  8.3081308e-04  1.5050019e-04
  4.4476675e-04 -8.4522465e-04  1.6138512e-04 -1.0867394e-04]"
